{
  "2D": 33899.5800054071,
  "3D": 146.323999881745,
  "AFK": 4216.11299943923,
  "Dialogic": 136.62299990654,
  "Editor": 165747.576002836,
  "Game": 50741.6239981651,
  "Script": 80823.4249994755
}