{
  "2D": 13952.4010004997,
  "3D": 11.9480001926422,
  "AFK": 3948.10599923133,
  "Dialogic": 103.832999944687,
  "Editor": 70152.5110025405,
  "Game": 24541.8029987811,
  "Script": 31543.104003191
}