{
  "2D": 18494.6540005206,
  "3D": 17.9120001792908,
  "AFK": 3948.10599923133,
  "Dialogic": 103.832999944687,
  "Editor": 79738.9000022409,
  "Game": 27223.5479981899,
  "Script": 33898.9530034065
}