{
  "2D": 24530.0220024584,
  "3D": 18.8030002117158,
  "AFK": 3963.10699915885,
  "Dialogic": 136.62299990654,
  "Editor": 104854.405002832,
  "Game": 33638.7219977379,
  "Script": 46530.6450023652
}