{
  "2D": 27201.8050024508,
  "3D": 144.418999910355,
  "AFK": 3963.10699915885,
  "Dialogic": 136.62299990654,
  "Editor": 123073.17700243,
  "Game": 39413.646998167,
  "Script": 56176.6830019952
}