{
  "2D": 18212.3570017813,
  "3D": 17.9120001792908,
  "AFK": 3948.10599923133,
  "Dialogic": 103.832999944687,
  "Editor": 75945.0470027921,
  "Game": 25682.1339979171,
  "Script": 31928.8110029697
}