{
  "2D": 28767.5180044172,
  "3D": 145.886999845505,
  "AFK": 4027.10499930381,
  "Dialogic": 136.62299990654,
  "Editor": 136799.396000624,
  "Game": 43209.8539967536,
  "Script": 64539.5139997006
}