{
  "2D": 24575.9830024241,
  "3D": 18.8030002117158,
  "AFK": 3963.10699915885,
  "Dialogic": 136.62299990654,
  "Editor": 105121.549002647,
  "Game": 33860.0099978447,
  "Script": 46530.6450023652
}