{
  "2D": 7470.50500035285,
  "3D": 9.71500015258789,
  "AFK": 1938.97999930381,
  "Dialogic": 103.832999944687,
  "Editor": 42212.8450021744,
  "Game": 15422.3990004063,
  "Script": 19206.393001318
}