{
  "2D": 12645.8330013751,
  "3D": 11.4880001544952,
  "AFK": 2290.98399925231,
  "Dialogic": 103.832999944687,
  "Editor": 63570.6350033281,
  "Game": 23189.2379989624,
  "Script": 27620.2430028915
}