{
  "2D": 30991.3040049075,
  "3D": 145.886999845505,
  "AFK": 4143.11099934577,
  "Dialogic": 136.62299990654,
  "Editor": 148836.161002397,
  "Game": 45009.9239971637,
  "Script": 72552.4230005742
}