{
  "2D": 31484.7700049875,
  "3D": 146.323999881745,
  "AFK": 4143.11099934577,
  "Dialogic": 136.62299990654,
  "Editor": 153152.524002552,
  "Game": 47136.0949966907,
  "Script": 74248.7120010854
}