{
  "2D": 5526.3630001545,
  "3D": 9.71500015258789,
  "AFK": 172.003999948502,
  "Dialogic": 103.832999944687,
  "Editor": 19676.9110004902,
  "Game": 6052.52700066566,
  "Script": 7984.47299957274
}