{
  "2D": 4672.02399992943,
  "3D": 5.98200011253357,
  "AFK": 172.003999948502,
  "Dialogic": 103.832999944687,
  "Editor": 8317.8039996624,
  "Game": 1958.94099998474,
  "Script": 1577.02399969101
}