{
  "2D": 21049.7400012015,
  "3D": 18.8030002117158,
  "AFK": 3963.10699915885,
  "Dialogic": 136.62299990654,
  "Editor": 98251.4960021971,
  "Game": 31438.673997879,
  "Script": 45607.6560029984
}