{
  "2D": 18642.8420009612,
  "3D": 17.9120001792908,
  "AFK": 3948.10599923133,
  "Dialogic": 103.832999944687,
  "Editor": 81453.0820026396,
  "Game": 27534.1099982261,
  "Script": 35154.3850033283
}