{
  "2D": 18127.9960017203,
  "3D": 14.7000002861023,
  "AFK": 3948.10599923133,
  "Dialogic": 103.832999944687,
  "Editor": 75762.2970027921,
  "Game": 25636.3969979285,
  "Script": 31879.3710029125
}