{
  "2D": 13578.535000801,
  "3D": 11.9480001926422,
  "AFK": 2290.98399925231,
  "Dialogic": 103.832999944687,
  "Editor": 65060.0550026892,
  "Game": 23525.6739993095,
  "Script": 27840.0650024414
}