{
  "2D": 7809.30900049209,
  "3D": 11.2110002040863,
  "AFK": 2132.97999930381,
  "Dialogic": 103.832999944687,
  "Editor": 57799.5920028686,
  "Game": 22297.7439992428,
  "Script": 27577.495002985
}