{
  "2D": 16718.8390004634,
  "3D": 12.8750004768372,
  "AFK": 3948.10599923133,
  "Dialogic": 103.832999944687,
  "Editor": 73605.2610023021,
  "Game": 24983.5639984607,
  "Script": 31786.1500029564
}