{
  "2D": 7516.04800009727,
  "3D": 9.71500015258789,
  "AFK": 1938.97999930381,
  "Dialogic": 103.832999944687,
  "Editor": 50096.6980021,
  "Game": 19916.2760007382,
  "Script": 22550.8260011673
}