{
  "2D": 5659.79100036621,
  "3D": 9.71500015258789,
  "AFK": 172.003999948502,
  "Dialogic": 103.832999944687,
  "Editor": 24630.4060013294,
  "Game": 8050.46800088882,
  "Script": 10806.5989999771
}