{
  "2D": 24470.4410026072,
  "3D": 18.8030002117158,
  "AFK": 3963.10699915885,
  "Dialogic": 136.62299990654,
  "Editor": 104323.723002911,
  "Game": 33167.2109978199,
  "Script": 46530.6450023652
}