{
  "2D": 13900.1890006065,
  "3D": 11.9480001926422,
  "AFK": 3948.10599923133,
  "Dialogic": 103.832999944687,
  "Editor": 67537.6840026377,
  "Game": 24030.1219992637,
  "Script": 29491.5920026302
}