{
  "2D": 28732.5290043352,
  "3D": 145.886999845505,
  "AFK": 4027.10499930381,
  "Dialogic": 136.62299990654,
  "Editor": 136556.384000778,
  "Game": 43007.8289968967,
  "Script": 64533.5159997941
}