{
  "2D": 12515.1850013732,
  "3D": 11.4880001544952,
  "AFK": 2290.98399925231,
  "Dialogic": 103.832999944687,
  "Editor": 63252.8750033377,
  "Game": 23002.1259989738,
  "Script": 27620.2430028915
}