{
  "2D": 12109.2060015201,
  "3D": 11.2110002040863,
  "AFK": 2290.98399925231,
  "Dialogic": 103.832999944687,
  "Editor": 62789.324003458,
  "Game": 22944.8309988975,
  "Script": 27620.2430028915
}