{
  "2D": 27939.308003187,
  "3D": 145.886999845505,
  "AFK": 3963.10699915885,
  "Dialogic": 136.62299990654,
  "Editor": 133460.899001121,
  "Game": 42282.9199972152,
  "Script": 62956.1610009671
}