{
  "2D": 29795.6040043829,
  "3D": 145.886999845505,
  "AFK": 4027.10499930381,
  "Dialogic": 136.62299990654,
  "Editor": 142764.206000566,
  "Game": 44304.7309968471,
  "Script": 68381.3609995843
}