{
  "2D": 5665.99200034141,
  "3D": 9.71500015258789,
  "AFK": 1846.00399971008,
  "Dialogic": 103.832999944687,
  "Editor": 27681.5830013752,
  "Game": 9231.574000597,
  "Script": 12670.4690003395
}