{
  "2D": 4815.50400018692,
  "3D": 8.32600021362305,
  "AFK": 172.003999948502,
  "Dialogic": 103.832999944687,
  "Editor": 8982.07400012016,
  "Game": 2150.85000038147,
  "Script": 1903.56099939346
}