{
  "2D": 5526.28200006485,
  "3D": 8.32600021362305,
  "AFK": 172.003999948502,
  "Dialogic": 103.832999944687,
  "Editor": 15789.1100003719,
  "Game": 4922.84000086784,
  "Script": 5227.82899928092
}