{
  "2D": 20442.9080009459,
  "3D": 17.9120001792908,
  "AFK": 3963.10699915885,
  "Dialogic": 136.62299990654,
  "Editor": 93142.1690020559,
  "Game": 30556.7369983196,
  "Script": 41987.9890027046
}