{
  "2D": 14926.5430004596,
  "3D": 12.8140003681183,
  "AFK": 3948.10599923133,
  "Dialogic": 103.832999944687,
  "Editor": 71603.5500023364,
  "Game": 24774.2099986076,
  "Script": 31786.1500029564
}