{
  "2D": 7516.16700005531,
  "3D": 11.2110002040863,
  "AFK": 2132.97999930381,
  "Dialogic": 103.832999944687,
  "Editor": 54853.2790029049,
  "Game": 21118.0109996796,
  "Script": 26104.0570030212
}