{
  "2D": 17429.5510015487,
  "3D": 14.7000002861023,
  "AFK": 3948.10599923133,
  "Dialogic": 103.832999944687,
  "Editor": 74431.8380026816,
  "Game": 25097.6039979457,
  "Script": 31786.1500029564
}