{
  "2D": 34649.4360051152,
  "3D": 154.189000129701,
  "AFK": 4216.11299943923,
  "Dialogic": 136.62299990654,
  "Editor": 168300.421003341,
  "Game": 51581.4649982452,
  "Script": 81778.7079999447
}