{
  "2D": 31013.3170046805,
  "3D": 145.886999845505,
  "AFK": 4143.11099934577,
  "Dialogic": 136.62299990654,
  "Editor": 148908.176002264,
  "Game": 45009.9239971637,
  "Script": 72602.4250006677
}
